{"cameraMode":{"drawMode":0,"name":"Shaded","section":"Shading Mode"},"sceneLighting":true,"audioPlay":false,"sceneViewState":{"m_AlwaysRefresh":false,"showFog":true,"showSkybox":true,"showFlares":true,"showImageEffects":true,"showParticleSystems":true,"showVisualEffectGraphs":true,"m_FxEnabled":true},"in2DMode":false,"pivot":{"x":24.150800704956056,"y":0.09999999403953552,"z":-6.7365264892578129},"rotation":{"x":-0.08200009167194367,"y":0.6191453337669373,"z":-0.06527610123157501,"w":-0.7782853841781616},"size":132.29586791992188,"orthographic":false}