{"cameraMode":{"drawMode":0,"name":"Shaded","section":"Shading Mode"},"sceneLighting":true,"audioPlay":false,"sceneViewState":{"m_AlwaysRefresh":false,"showFog":true,"showSkybox":true,"showFlares":true,"showImageEffects":true,"showParticleSystems":true,"showVisualEffectGraphs":true,"m_FxEnabled":true},"in2DMode":false,"pivot":{"x":23.470378875732423,"y":-11.319131851196289,"z":13.313947677612305},"rotation":{"x":-0.1893032044172287,"y":0.46802428364753725,"z":-0.10366463661193848,"w":-0.8571615815162659},"size":36.966819763183597,"orthographic":false}