{"cameraMode":{"drawMode":0,"name":"Shaded","section":"Shading Mode"},"sceneLighting":true,"audioPlay":false,"sceneViewState":{"m_AlwaysRefresh":false,"showFog":true,"showSkybox":true,"showFlares":true,"showImageEffects":true,"showParticleSystems":true,"showVisualEffectGraphs":true,"m_FxEnabled":true},"in2DMode":false,"pivot":{"x":-231.53958129882813,"y":0.11418724060058594,"z":89.21049499511719},"rotation":{"x":-0.031013445928692819,"y":0.7926284074783325,"z":-0.04045943543314934,"w":-0.6075780391693115},"size":131.11868286132813,"orthographic":false}