{"cameraMode":{"drawMode":0,"name":"Shaded","section":"Shading Mode"},"sceneLighting":false,"audioPlay":false,"sceneViewState":{"m_AlwaysRefresh":false,"showFog":true,"showSkybox":true,"showFlares":true,"showImageEffects":true,"showParticleSystems":true,"showVisualEffectGraphs":true,"m_FxEnabled":true},"in2DMode":false,"pivot":{"x":-16.14687156677246,"y":23.322280883789064,"z":27.380760192871095},"rotation":{"x":0.049695756286382678,"y":-0.8028882741928101,"z":0.06760083138942719,"w":0.5902042388916016},"size":47.57140350341797,"orthographic":false}