{"cameraMode":{"drawMode":0,"name":"Shaded","section":"Shading Mode"},"sceneLighting":false,"audioPlay":false,"sceneViewState":{"m_AlwaysRefresh":false,"showFog":true,"showSkybox":true,"showFlares":true,"showImageEffects":true,"showParticleSystems":true,"showVisualEffectGraphs":true,"m_FxEnabled":true},"in2DMode":false,"pivot":{"x":54.139732360839847,"y":11.739192008972168,"z":25.816143035888673},"rotation":{"x":0.09298711270093918,"y":-0.685278058052063,"z":0.08889546990394592,"w":0.7168309092521668},"size":6.828505039215088,"orthographic":false}