{"cameraMode":{"drawMode":0,"name":"Shaded","section":"Shading Mode"},"sceneLighting":true,"audioPlay":false,"sceneViewState":{"m_AlwaysRefresh":false,"showFog":true,"showSkybox":true,"showFlares":true,"showImageEffects":true,"showParticleSystems":true,"showVisualEffectGraphs":true,"m_FxEnabled":true},"in2DMode":false,"pivot":{"x":0.8600970506668091,"y":0.1733708381652832,"z":-3.371957778930664},"rotation":{"x":0.003389234421774745,"y":0.9493421316146851,"z":-0.31407538056373598,"w":0.010250236839056015},"size":8.124942779541016,"orthographic":true}