{"cameraMode":{"drawMode":0,"name":"Shaded","section":"Shading Mode"},"sceneLighting":false,"audioPlay":false,"sceneViewState":{"m_AlwaysRefresh":false,"showFog":true,"showSkybox":true,"showFlares":true,"showImageEffects":true,"showParticleSystems":true,"showVisualEffectGraphs":true,"m_FxEnabled":true},"in2DMode":false,"pivot":{"x":-13.807926177978516,"y":-0.6203389167785645,"z":15.112586975097657},"rotation":{"x":0.21544569730758668,"y":-0.4577983319759369,"z":0.11539103835821152,"w":0.8548141717910767},"size":17.798110961914064,"orthographic":false}