{"cameraMode":{"drawMode":0,"name":"Shaded","section":"Shading Mode"},"sceneLighting":false,"audioPlay":false,"sceneViewState":{"m_AlwaysRefresh":false,"showFog":true,"showSkybox":true,"showFlares":true,"showImageEffects":true,"showParticleSystems":true,"showVisualEffectGraphs":true,"m_FxEnabled":true},"in2DMode":false,"pivot":{"x":-5.543117523193359,"y":26.529767990112306,"z":21.01633071899414},"rotation":{"x":0.004651736468076706,"y":-0.7847993969917297,"z":0.005883823148906231,"w":0.6197163462638855},"size":52.367881774902347,"orthographic":false}