{"cameraMode":{"drawMode":0,"name":"Shaded","section":"Shading Mode"},"sceneLighting":true,"audioPlay":false,"sceneViewState":{"m_AlwaysRefresh":false,"showFog":true,"showSkybox":true,"showFlares":true,"showImageEffects":true,"showParticleSystems":true,"showVisualEffectGraphs":true,"m_FxEnabled":true},"in2DMode":false,"pivot":{"x":-33.61384582519531,"y":0.038697242736816409,"z":11.974807739257813},"rotation":{"x":-0.20995256304740907,"y":0.20274120569229127,"z":-0.044551782310009,"w":-0.9554254412651062},"size":47.163360595703128,"orthographic":false}