{"cameraMode":{"drawMode":0,"name":"Shaded","section":"Shading Mode"},"sceneLighting":false,"audioPlay":false,"sceneViewState":{"m_AlwaysRefresh":false,"showFog":true,"showSkybox":true,"showFlares":true,"showImageEffects":true,"showParticleSystems":true,"showVisualEffectGraphs":true,"m_FxEnabled":true},"in2DMode":false,"pivot":{"x":-16.14687156677246,"y":23.322280883789064,"z":27.380760192871095},"rotation":{"x":0.016241133213043214,"y":-0.7359635233879089,"z":0.017667144536972047,"w":0.6766011118888855},"size":60.37407302856445,"orthographic":false}