{"cameraMode":{"drawMode":0,"name":"Shaded","section":"Shading Mode"},"sceneLighting":false,"audioPlay":false,"sceneViewState":{"m_AlwaysRefresh":false,"showFog":true,"showSkybox":true,"showFlares":true,"showImageEffects":true,"showParticleSystems":true,"showVisualEffectGraphs":true,"m_FxEnabled":true},"in2DMode":false,"pivot":{"x":54.139732360839847,"y":11.739192008972168,"z":25.816143035888673},"rotation":{"x":0.16889795660972596,"y":-0.6473568081855774,"z":0.15021032094955445,"w":0.7279016375541687},"size":19.204957962036134,"orthographic":false}