{"cameraMode":{"drawMode":0,"name":"Shaded","section":"Shading Mode"},"sceneLighting":true,"audioPlay":false,"sceneViewState":{"m_AlwaysRefresh":false,"showFog":true,"showSkybox":true,"showFlares":true,"showImageEffects":true,"showParticleSystems":true,"showVisualEffectGraphs":true,"m_FxEnabled":true},"in2DMode":false,"pivot":{"x":-35.84360122680664,"y":37.446346282958987,"z":16.126224517822267},"rotation":{"x":-0.016847534105181695,"y":0.7814030647277832,"z":-0.021095752716064454,"w":-0.6235114336013794},"size":60.82882308959961,"orthographic":false}