{"cameraMode":{"drawMode":0,"name":"Shaded","section":"Shading Mode"},"sceneLighting":false,"audioPlay":false,"sceneViewState":{"m_AlwaysRefresh":false,"showFog":true,"showSkybox":true,"showFlares":true,"showImageEffects":true,"showParticleSystems":true,"showVisualEffectGraphs":true,"m_FxEnabled":true},"in2DMode":false,"pivot":{"x":-68.70582580566406,"y":25.478532791137697,"z":-34.395503997802737},"rotation":{"x":0.006034461315721273,"y":0.7780623435974121,"z":0.007469238713383675,"w":-0.6281691789627075},"size":27.617412567138673,"orthographic":false}